Link #,Tracking Code,Theme,Creative Version,Placement,Headline / Copy,Visual Direction,Domain,Channel ID,Tracking URL,Status,Notes
p1,PH_SAFE_N_P1,Safety,Normal,P1,Your Money. Your Privacy. Protected.,"Shield, lock, vault – fund & privacy security",winfun777uv.com,48,https://winfun777uv.com?channelId=48,Not Live,
p2,PH_SAFE_N_P2,Safety,Normal,P2,Your Money. Your Privacy. Protected.,"Shield, lock, vault – fund & privacy security",winfun777in.com,49,https://winfun777in.com?channelId=49,Not Live,
p3,PH_SAFE_S_P1,Safety,Suggestive,P1,PLAY SAFE. ALWAYS.,Sealed condom wrapper + chips / slot elements,winfun777gg.com,50,https://winfun777gg.com?channelId=50,Not Live,
p4,PH_SAFE_S_P2,Safety,Suggestive,P2,PLAY SAFE. ALWAYS.,Sealed condom wrapper + chips / slot elements,winfun7a77.com,51,https://winfun7a77.com?channelId=51,Not Live,
p5,PH_WIN_N_P1,Big Win,Normal,P1,CHASE THE BIG WIN,"Jackpot, 777, exploding coins, high multipliers",winfun77v7.com,52,https://winfun77v7.com?channelId=52,Not Live,
p6,PH_WIN_N_P2,Big Win,Normal,P2,CHASE THE BIG WIN,"Jackpot, 777, exploding coins, high multipliers",winfun777un.com,53,https://winfun777un.com?channelId=53,Not Live,
p7,PH_WIN_S_P1,Big Win,Suggestive,P1,READY FOR THE BIG FINISH? Hit the Jackpot.,"Jackpot meter about to burst, champagne spray, coin shower",winfun7k77k.com,54,https://winfun7k77k.com?channelId=54,Not Live,
p8,PH_WIN_S_P2,Big Win,Suggestive,P2,READY FOR THE BIG FINISH? Hit the Jackpot.,"Jackpot meter about to burst, champagne spray, coin shower",winfun77k7.com,55,https://winfun77k7.com?channelId=55,Not Live,
p9,PH_150_N_P1,Promo A - 150% FDB,Normal,P1,150% FIRST DEPOSIT BONUS – Boost Your Bankroll & Start Winning Today,Existing creative: vault + gift box + coins,winfun777kv.com,56,https://winfun777kv.com?channelId=56,Not Live,
p10,PH_150_N_P2,Promo A - 150% FDB,Normal,P2,150% FIRST DEPOSIT BONUS – Boost Your Bankroll & Start Winning Today,Existing creative: vault + gift box + coins,winfuns777.com,57,https://winfuns777.com?channelId=57,Not Live,
p11,PH_150_S_P1,Promo A - 150% FDB,Suggestive,P1,MAKE YOUR FIRST TIME 150% BETTER – First Deposit Bonus up to 150%,New creative required,winfun777tv.com,58,https://winfun777tv.com?channelId=58,Not Live,
p12,PH_150_S_P2,Promo A - 150% FDB,Suggestive,P2,MAKE YOUR FIRST TIME 150% BETTER – First Deposit Bonus up to 150%,New creative required,winfun777ks.com,59,https://winfun777ks.com?channelId=59,Not Live,
p13,PH_RD_N_P1,Promo B - Win a RealDoll,Normal,P1,WIN A REALDOLL® – Play → Earn → Enter,"Gift box, coins, slots & entry flow only – no model",winfun777mv.com,60,https://winfun777mv.com?channelId=60,Not Live,
p14,PH_RD_N_P2,Promo B - Win a RealDoll,Normal,P2,WIN A REALDOLL® – Play → Earn → Enter,"Gift box, coins, slots & entry flow only – no model",winfun777df.com,61,https://winfun777df.com?channelId=61,Not Live,
p15,PH_RD_S_P1,Promo B - Win a RealDoll,Suggestive,P1,YOUR FANTASY COULD BECOME REAL – Play. Earn. Enter for a Chance to Win a RealDoll®.,Existing creative with model,winfun777pp.com,62,https://winfun777pp.com?channelId=62,Not Live,
p16,PH_RD_S_P2,Promo B - Win a RealDoll,Suggestive,P2,YOUR FANTASY COULD BECOME REAL – Play. Earn. Enter for a Chance to Win a RealDoll®.,Existing creative with model,winfun777sv.com,63,https://winfun777sv.com?channelId=63,Not Live,
p17,PH_BK_01,Backup,—,—,,,winfun777wa.com,64,https://winfun777wa.com?channelId=64,Not Live,
p18,PH_BK_02,Backup,—,—,,,winfun777hk.com,65,https://winfun777hk.com?channelId=65,Not Live,
p19,PH_BK_03,Backup,—,—,,,winfun777app.com,66,https://winfun777app.com?channelId=66,Not Live,
p20,PH_BK_04,Backup,—,—,,,winfun777ko.com,67,https://winfun777ko.com?channelId=67,Not Live,
